id,name,category,brand,unit,price,in_stock,organic
P00001,ValuePick Whole milk (250g),Dairy,ValuePick,250g,3.78,True,False
P00002,Organic GoldenFields Tortilla chips (pack of 6),Snacks,GoldenFields,pack of 6,1.73,True,True
P00003,ValuePick Baby formula (box),Baby & Health,ValuePick,box,18.74,True,False
P00004,Frozen fries (500g),Frozen,Generic,500g,10.34,True,False
P00005,Organic Farmhouse Bagels (pack of 4),Bakery,Farmhouse,pack of 4,3.0,True,True
P00006,Organic Pain relievers (pack),Baby & Health,Generic,pack,13.1,False,True
P00007,Cream cheese (250g),Dairy,Generic,250g,6.94,True,False
P00008,Organic Whole milk (500g),Dairy,Generic,500g,4.31,True,True
P00009,HomeStyle Cheddar cheese (250g),Dairy,HomeStyle,250g,7.08,True,False
P00010,Sausages (per lb),Meat & Seafood,Generic,per lb,18.1,True,False
P00011,NatureFresh Cinnamon rolls (pack of 6),Bakery,NatureFresh,pack of 6,5.03,False,False
P00012,DailyGoods Chocolate bar (pack of 6),Snacks,DailyGoods,pack of 6,7.81,True,False
P00013,PureHarvest Cucumbers (each),Produce,PureHarvest,each,0.92,True,False
P00014,GoldenFields Still water (250g),Beverages,GoldenFields,250g,8.99,True,False
P00015,Bagels (pack of 4),Bakery,Generic,pack of 4,5.71,True,False
P00016,Farmhouse Ground beef (per lb),Meat & Seafood,Farmhouse,per lb,15.57,True,False
P00017,EverydayFresh Pita bread (each),Bakery,EverydayFresh,each,2.84,False,False
P00018,Organic GreenMart Basics Cookies (pack of 6),Snacks,GreenMart Basics,pack of 6,6.59,True,True
P00019,PureHarvest Flour (500g),Pantry,PureHarvest,500g,6.49,False,False
P00020,PrimeSelect Canned tuna (1kg),Pantry,PrimeSelect,1kg,11.99,True,False
P00021,Organic NatureFresh Nuts (mixed) (bag),Snacks,NatureFresh,bag,4.29,False,True
P00022,Organic DailyGoods Potato chips (pack of 6),Snacks,DailyGoods,pack of 6,5.15,True,True
P00023,ValuePick Peanut butter (500g),Pantry,ValuePick,500g,11.59,True,False
P00024,NatureFresh Ice cream (1L tub),Frozen,NatureFresh,1L tub,9.1,True,False
P00025,ValuePick Nuts (mixed) (box),Snacks,ValuePick,box,8.46,True,False
P00026,Salt (can),Pantry,Generic,can,5.78,True,False
P00027,DailyGoods Beef steak (per lb),Meat & Seafood,DailyGoods,per lb,5.28,True,False
P00028,Organic ValuePick Oranges (per lb),Produce,ValuePick,per lb,0.93,True,True
P00029,Chocolate bar (box),Snacks,Generic,box,5.13,True,False
P00030,ValuePick Soap (bottle),Baby & Health,ValuePick,bottle,20.25,True,False
P00031,DailyGoods Sour cream (dozen),Dairy,DailyGoods,dozen,5.38,True,False
P00032,Whole milk (dozen),Dairy,Generic,dozen,4.7,True,False
P00033,NatureFresh Tuna steak (per lb),Meat & Seafood,NatureFresh,per lb,10.9,True,False
P00034,GreenMart Basics Mozzarella cheese (1L),Dairy,GreenMart Basics,1L,7.21,True,False
P00035,NatureFresh Parmesan cheese (500g),Dairy,NatureFresh,500g,5.24,True,False
P00036,GreenMart Basics Potatoes (each),Produce,GreenMart Basics,each,6.89,True,False
P00037,Frozen fries (pack),Frozen,Generic,pack,11.63,True,False
P00038,Organic PureHarvest Frozen vegetables (1L tub),Frozen,PureHarvest,1L tub,5.34,True,True
P00039,GreenMart Basics Cucumbers (per lb),Produce,GreenMart Basics,per lb,4.29,True,False
P00040,Organic NatureFresh Sourdough bread (loaf),Bakery,NatureFresh,loaf,2.87,True,True
P00041,EverydayFresh Laundry detergent (pack of 6),Household,EverydayFresh,pack of 6,9.72,True,False
P00042,DailyGoods Soap (box),Baby & Health,DailyGoods,box,23.55,True,False
P00043,NatureFresh Pork chops (per lb),Meat & Seafood,NatureFresh,per lb,14.39,True,False
P00044,EverydayFresh Whole milk (dozen),Dairy,EverydayFresh,dozen,9.98,True,False
P00045,NatureFresh Tuna steak (per lb),Meat & Seafood,NatureFresh,per lb,18.06,True,False
P00046,HomeStyle Cola (6-pack),Beverages,HomeStyle,6-pack,8.54,True,False
P00047,PrimeSelect Potato chips (pack of 6),Snacks,PrimeSelect,pack of 6,3.74,False,False
P00048,Organic Farmhouse Croissants (loaf),Bakery,Farmhouse,loaf,6.57,True,True
P00049,Bacon (per lb),Meat & Seafood,Generic,per lb,13.87,True,False
P00050,PureHarvest Oranges (each),Produce,PureHarvest,each,0.78,True,False
P00051,HomeStyle Canned tomatoes (can),Pantry,HomeStyle,can,7.83,True,False
P00052,PrimeSelect Cottage cheese (500g),Dairy,PrimeSelect,500g,2.28,True,False
P00053,PureHarvest Paper towels (bottle),Household,PureHarvest,bottle,6.73,False,False
P00054,Organic Lettuce (bag),Produce,Generic,bag,2.11,True,True
P00055,ValuePick Air freshener (pack of 6),Household,ValuePick,pack of 6,13.23,True,False
P00056,Dish soap (pack of 6),Household,Generic,pack of 6,14.01,True,False
P00057,Pork chops (per lb),Meat & Seafood,Generic,per lb,14.81,True,False
P00058,HomeStyle Frozen berries (1L tub),Frozen,HomeStyle,1L tub,6.46,True,False
P00059,GoldenFields Chicken breast (per lb),Meat & Seafood,GoldenFields,per lb,9.59,False,False
P00060,PrimeSelect Sugar (can),Pantry,PrimeSelect,can,6.09,True,False
P00061,NatureFresh Tomatoes (punnet),Produce,NatureFresh,punnet,4.26,True,False
P00062,Hand sanitizer (bottle),Baby & Health,Generic,bottle,20.29,False,False
P00063,PureHarvest Cheddar cheese (500g),Dairy,PureHarvest,500g,2.35,True,False
P00064,GoldenFields Chocolate bar (box),Snacks,GoldenFields,box,2.01,True,False
P00065,Energy drink (1L),Beverages,Generic,1L,9.12,True,False
P00066,PrimeSelect Iced tea (500ml),Beverages,PrimeSelect,500ml,2.4,False,False
P00067,Organic GoldenFields Tortillas (pack of 4),Bakery,GoldenFields,pack of 4,5.5,True,True
P00068,HomeStyle Air freshener (pack of 12),Household,HomeStyle,pack of 12,7.73,True,False
P00069,PureHarvest Pita bread (loaf),Bakery,PureHarvest,loaf,5.32,True,False
P00070,Organic ValuePick Sausages (per lb),Meat & Seafood,ValuePick,per lb,16.28,True,True
P00071,GoldenFields Ice cream (pack),Frozen,GoldenFields,pack,11.02,True,False
P00072,ValuePick Aluminum foil (roll),Household,ValuePick,roll,3.91,True,False
P00073,ValuePick Parmesan cheese (dozen),Dairy,ValuePick,dozen,3.4,True,False
P00074,Farmhouse Zucchini (bag),Produce,Farmhouse,bag,3.46,True,False
P00075,Nuts (mixed) (box),Snacks,Generic,box,8.18,True,False
P00076,HomeStyle Trail mix (pack of 6),Snacks,HomeStyle,pack of 6,8.22,True,False
P00077,PureHarvest Peanut butter (can),Pantry,PureHarvest,can,10.3,True,False
P00078,Cereal (500g),Pantry,Generic,500g,4.78,True,False
P00079,NatureFresh Tortilla chips (bag),Snacks,NatureFresh,bag,3.22,True,False
P00080,DailyGoods Cheddar cheese (dozen),Dairy,DailyGoods,dozen,6.33,True,False
P00081,Sponges (bottle),Household,Generic,bottle,9.47,False,False
P00082,PrimeSelect Salt (bottle),Pantry,PrimeSelect,bottle,10.09,True,False
P00083,Organic PureHarvest Shrimp (per lb),Meat & Seafood,PureHarvest,per lb,11.09,True,True
P00084,NatureFresh Paper towels (roll),Household,NatureFresh,roll,14.74,True,False
P00085,GreenMart Basics Soap (box),Baby & Health,GreenMart Basics,box,4.84,True,False
P00086,GoldenFields Sourdough bread (pack of 4),Bakery,GoldenFields,pack of 4,4.29,True,False
P00087,PureHarvest Trash bags (roll),Household,PureHarvest,roll,12.84,True,False
P00088,Lettuce (bag),Produce,Generic,bag,0.94,True,False
P00089,GreenMart Basics Spinach (bag),Produce,GreenMart Basics,bag,4.53,True,False
P00090,HomeStyle Eggs (dozen) (500g),Dairy,HomeStyle,500g,7.59,True,False
P00091,Organic PureHarvest Diapers (pack),Baby & Health,PureHarvest,pack,5.37,True,True
P00092,Farmhouse Sponges (pack of 6),Household,Farmhouse,pack of 6,9.69,True,False
P00093,Mustard (500g),Pantry,Generic,500g,12.8,True,False
P00094,Organic PrimeSelect All-purpose cleaner (bottle),Household,PrimeSelect,bottle,10.41,True,True
P00095,DailyGoods Ice cream (pack),Frozen,DailyGoods,pack,8.89,True,False
P00096,EverydayFresh Paper towels (pack of 12),Household,EverydayFresh,pack of 12,12.5,True,False
P00097,DailyGoods Air freshener (pack of 12),Household,DailyGoods,pack of 12,13.06,True,False
P00098,EverydayFresh Frozen berries (pack),Frozen,EverydayFresh,pack,8.68,True,False
P00099,ValuePick Sparkling water (250g),Beverages,ValuePick,250g,4.38,True,False
P00100,GreenMart Basics Pain relievers (box),Baby & Health,GreenMart Basics,box,14.36,True,False
P00101,Aluminum foil (pack of 6),Household,Generic,pack of 6,8.18,True,False
P00102,ValuePick Oranges (punnet),Produce,ValuePick,punnet,3.12,True,False
P00103,GoldenFields Coffee (ground) (500ml),Beverages,GoldenFields,500ml,9.96,True,False
P00104,PureHarvest Frozen fries (1kg),Frozen,PureHarvest,1kg,5.45,True,False
P00105,ValuePick Popcorn (bag),Snacks,ValuePick,bag,7.03,True,False
P00106,Farmhouse Nuts (mixed) (box),Snacks,Farmhouse,box,7.73,True,False
P00107,Organic PrimeSelect White rice (can),Pantry,PrimeSelect,can,2.95,True,True
P00108,Vegetable oil (can),Pantry,Generic,can,7.14,True,False
P00109,Organic DailyGoods Frozen fish fillets (pack),Frozen,DailyGoods,pack,5.06,False,True
P00110,GoldenFields Ice cream (500g),Frozen,GoldenFields,500g,7.67,True,False
P00111,Organic Farmhouse Whole wheat bread (pack of 4),Bakery,Farmhouse,pack of 4,7.96,True,True
P00112,ValuePick Soap (box),Baby & Health,ValuePick,box,20.06,True,False
P00113,Organic PureHarvest Ketchup (bottle),Pantry,PureHarvest,bottle,8.03,False,True
P00114,Parmesan cheese (500g),Dairy,Generic,500g,3.68,True,False
P00115,NatureFresh Cinnamon rolls (loaf),Bakery,NatureFresh,loaf,2.5,True,False
P00116,PureHarvest Brown rice (1kg),Pantry,PureHarvest,1kg,9.62,True,False
P00117,GoldenFields Pork chops (per lb),Meat & Seafood,GoldenFields,per lb,6.6,True,False
P00118,GreenMart Basics Vegetable oil (500g),Pantry,GreenMart Basics,500g,3.4,True,False
P00119,Farmhouse Pain relievers (bottle),Baby & Health,Farmhouse,bottle,13.3,True,False
P00120,HomeStyle Canned tuna (jar),Pantry,HomeStyle,jar,6.52,True,False
P00121,GreenMart Basics Tea bags (500ml),Beverages,GreenMart Basics,500ml,2.08,True,False
P00122,Soap (pack),Baby & Health,Generic,pack,17.78,True,False
P00123,PureHarvest Dinner rolls (each),Bakery,PureHarvest,each,3.49,True,False
P00124,DailyGoods Ice cream (pack),Frozen,DailyGoods,pack,6.96,True,False
P00125,Muffins (each),Bakery,Generic,each,5.22,True,False
P00126,Farmhouse Potato chips (box),Snacks,Farmhouse,box,3.85,False,False
P00127,Plastic wrap (bottle),Household,Generic,bottle,13.29,True,False
P00128,Crackers (pack of 6),Snacks,Generic,pack of 6,5.23,True,False
P00129,PureHarvest Soy sauce (1kg),Pantry,PureHarvest,1kg,6.53,True,False
P00130,Organic NatureFresh Vitamins (box),Baby & Health,NatureFresh,box,9.83,True,True
P00131,Organic Farmhouse Chicken thighs (per lb),Meat & Seafood,Farmhouse,per lb,14.06,False,True
P00132,PureHarvest Canned tuna (can),Pantry,PureHarvest,can,6.27,True,False
P00133,ValuePick Frozen vegetables (pack),Frozen,ValuePick,pack,11.33,True,False
P00134,DailyGoods Greek yogurt (dozen),Dairy,DailyGoods,dozen,9.46,True,False
P00135,EverydayFresh Honey (jar),Pantry,EverydayFresh,jar,12.98,True,False
P00136,DailyGoods Granola bars (box),Snacks,DailyGoods,box,5.63,True,False
P00137,EverydayFresh Still water (6-pack),Beverages,EverydayFresh,6-pack,4.62,True,False
P00138,Sports drink (250g),Beverages,Generic,250g,9.24,False,False
P00139,NatureFresh Dinner rolls (loaf),Bakery,NatureFresh,loaf,5.25,True,False
P00140,GreenMart Basics Ice cream (pack),Frozen,GreenMart Basics,pack,9.63,True,False
P00141,White bread loaf (each),Bakery,Generic,each,7.82,True,False
P00142,DailyGoods Butter (dozen),Dairy,DailyGoods,dozen,7.0,True,False
P00143,Farmhouse Potato chips (pack of 6),Snacks,Farmhouse,pack of 6,3.25,True,False
P00144,Farmhouse Chicken thighs (per lb),Meat & Seafood,Farmhouse,per lb,15.64,True,False
P00145,Organic GreenMart Basics Croissants (loaf),Bakery,GreenMart Basics,loaf,4.27,True,True
P00146,PrimeSelect Paper towels (pack of 6),Household,PrimeSelect,pack of 6,7.35,True,False
P00147,EverydayFresh White bread loaf (each),Bakery,EverydayFresh,each,6.25,True,False
P00148,Organic HomeStyle Shrimp (per lb),Meat & Seafood,HomeStyle,per lb,8.56,True,True
P00149,Farmhouse Soy sauce (1kg),Pantry,Farmhouse,1kg,6.57,True,False
P00150,PureHarvest Trash bags (roll),Household,PureHarvest,roll,4.58,True,False
P00151,EverydayFresh Salmon fillet (per lb),Meat & Seafood,EverydayFresh,per lb,9.13,True,False
P00152,EverydayFresh Trash bags (bottle),Household,EverydayFresh,bottle,13.24,False,False
P00153,Toothpaste (bottle),Baby & Health,Generic,bottle,20.56,True,False
P00154,Turkey breast (per lb),Meat & Seafood,Generic,per lb,15.57,True,False
P00155,Pita bread (loaf),Bakery,Generic,loaf,6.04,True,False
P00156,NatureFresh Bandages (box),Baby & Health,NatureFresh,box,4.97,True,False
P00157,Bagels (pack of 6),Bakery,Generic,pack of 6,5.46,True,False
P00158,HomeStyle Canned tomatoes (2kg),Pantry,HomeStyle,2kg,12.61,True,False
P00159,NatureFresh Mozzarella cheese (1L),Dairy,NatureFresh,1L,8.02,True,False
P00160,Organic Farmhouse Plastic wrap (pack of 12),Household,Farmhouse,pack of 12,12.27,True,True
P00161,EverydayFresh Frozen chicken nuggets (1kg),Frozen,EverydayFresh,1kg,6.73,True,False
P00162,EverydayFresh Shrimp (per lb),Meat & Seafood,EverydayFresh,per lb,17.37,True,False
P00163,Sausages (per lb),Meat & Seafood,Generic,per lb,16.52,True,False
P00164,GreenMart Basics Laundry detergent (pack of 6),Household,GreenMart Basics,pack of 6,14.29,True,False
P00165,GoldenFields Oat milk (500g),Dairy,GoldenFields,500g,5.62,True,False
P00166,Trail mix (pack of 6),Snacks,Generic,pack of 6,6.94,True,False
P00167,GreenMart Basics Frozen waffles (1kg),Frozen,GreenMart Basics,1kg,9.36,True,False
P00168,Bacon (per lb),Meat & Seafood,Generic,per lb,10.13,True,False
P00169,ValuePick Avocados (punnet),Produce,ValuePick,punnet,6.78,True,False
P00170,Sour cream (500g),Dairy,Generic,500g,7.11,True,False
P00171,Organic Still water (6-pack),Beverages,Generic,6-pack,6.2,True,True
P00172,Organic ValuePick Turkey breast (per lb),Meat & Seafood,ValuePick,per lb,9.59,True,True
P00173,NatureFresh Broccoli (bag),Produce,NatureFresh,bag,4.0,True,False
P00174,DailyGoods Carrots (per lb),Produce,DailyGoods,per lb,5.62,True,False
P00175,NatureFresh Croissants (loaf),Bakery,NatureFresh,loaf,6.57,True,False
P00176,PrimeSelect Frozen fish fillets (1kg),Frozen,PrimeSelect,1kg,8.54,True,False
P00177,Baby formula (box),Baby & Health,Generic,box,22.98,True,False
P00178,Organic GoldenFields Apples (each),Produce,GoldenFields,each,3.26,True,True
P00179,Organic DailyGoods Ice cream (500g),Frozen,DailyGoods,500g,8.66,True,True
P00180,DailyGoods Shampoo (box),Baby & Health,DailyGoods,box,11.37,True,False
P00181,Organic Farmhouse Nuts (mixed) (box),Snacks,Farmhouse,box,7.44,True,True
P00182,HomeStyle Chocolate bar (box),Snacks,HomeStyle,box,8.15,True,False
P00183,DailyGoods Sponges (bottle),Household,DailyGoods,bottle,7.54,True,False
P00184,Organic Farmhouse Pita bread (each),Bakery,Farmhouse,each,2.99,True,True
P00185,EverydayFresh Sparkling water (1L),Beverages,EverydayFresh,1L,9.61,True,False
P00186,All-purpose cleaner (roll),Household,Generic,roll,2.66,True,False
P00187,NatureFresh Eggs (dozen) (500g),Dairy,NatureFresh,500g,7.24,True,False
P00188,Crackers (bag),Snacks,Generic,bag,3.58,True,False
P00189,Organic Nuts (mixed) (pack of 6),Snacks,Generic,pack of 6,6.31,False,True
P00190,PureHarvest White rice (1kg),Pantry,PureHarvest,1kg,9.57,True,False
P00191,Organic EverydayFresh Potatoes (bag),Produce,EverydayFresh,bag,4.76,True,True
P00192,GoldenFields Oranges (bag),Produce,GoldenFields,bag,3.22,True,False
P00193,GreenMart Basics Tea bags (1L),Beverages,GreenMart Basics,1L,2.64,True,False
P00194,Greek yogurt (dozen),Dairy,Generic,dozen,5.38,True,False
P00195,DailyGoods Tuna steak (per lb),Meat & Seafood,DailyGoods,per lb,11.01,True,False
P00196,ValuePick Frozen fries (500g),Frozen,ValuePick,500g,6.85,True,False
P00197,Canned beans (1kg),Pantry,Generic,1kg,4.43,True,False
P00198,GoldenFields Paper towels (pack of 6),Household,GoldenFields,pack of 6,8.91,True,False
P00199,Organic Apple juice (250g),Beverages,Generic,250g,1.66,False,True
P00200,EverydayFresh Tea bags (250g),Beverages,EverydayFresh,250g,4.81,True,False
P00201,NatureFresh Dish soap (pack of 12),Household,NatureFresh,pack of 12,12.41,True,False
P00202,Farmhouse Apple juice (250g),Beverages,Farmhouse,250g,3.41,True,False
P00203,Organic ValuePick Trash bags (pack of 12),Household,ValuePick,pack of 12,6.32,True,True
P00204,Cream cheese (500g),Dairy,Generic,500g,4.79,True,False
P00205,Organic NatureFresh Bagels (loaf),Bakery,NatureFresh,loaf,3.9,True,True
P00206,HomeStyle Almond milk (dozen),Dairy,HomeStyle,dozen,8.03,True,False
P00207,Soap (bottle),Baby & Health,Generic,bottle,9.95,True,False
P00208,Organic GreenMart Basics Jam (jar),Pantry,GreenMart Basics,jar,5.54,True,True
P00209,PureHarvest Apples (punnet),Produce,PureHarvest,punnet,0.99,True,False
P00210,GoldenFields Soap (box),Baby & Health,GoldenFields,box,13.17,True,False
P00211,DailyGoods Strawberries (bag),Produce,DailyGoods,bag,4.42,False,False
P00212,Ice cream (1kg),Frozen,Generic,1kg,4.21,True,False
P00213,DailyGoods Frozen fish fillets (1L tub),Frozen,DailyGoods,1L tub,6.66,True,False
P00214,Energy drink (1L),Beverages,Generic,1L,6.78,True,False
P00215,PureHarvest Trail mix (box),Snacks,PureHarvest,box,6.92,True,False
P00216,EverydayFresh Muffins (loaf),Bakery,EverydayFresh,loaf,6.14,True,False
P00217,PureHarvest Paper towels (bottle),Household,PureHarvest,bottle,9.26,True,False
P00218,Pita bread (loaf),Bakery,Generic,loaf,6.18,True,False
P00219,DailyGoods Canned tomatoes (1kg),Pantry,DailyGoods,1kg,12.39,True,False
P00220,Organic PureHarvest Whole wheat bread (loaf),Bakery,PureHarvest,loaf,7.13,True,True
P00221,DailyGoods Potato chips (pack of 6),Snacks,DailyGoods,pack of 6,8.06,True,False
P00222,Whole wheat bread (pack of 6),Bakery,Generic,pack of 6,6.73,True,False
P00223,DailyGoods Frozen pizza (pack),Frozen,DailyGoods,pack,9.24,True,False
P00224,PrimeSelect Cereal (1kg),Pantry,PrimeSelect,1kg,4.24,True,False
P00225,HomeStyle Bacon (per lb),Meat & Seafood,HomeStyle,per lb,15.76,True,False
P00226,Paper towels (pack of 6),Household,Generic,pack of 6,9.85,True,False
P00227,Frozen chicken nuggets (500g),Frozen,Generic,500g,10.68,True,False
P00228,PrimeSelect Croissants (each),Bakery,PrimeSelect,each,3.3,False,False
P00229,GreenMart Basics Shrimp (per lb),Meat & Seafood,GreenMart Basics,per lb,10.8,True,False
P00230,ValuePick Laundry detergent (pack of 12),Household,ValuePick,pack of 12,2.36,True,False
P00231,GreenMart Basics Sparkling water (6-pack),Beverages,GreenMart Basics,6-pack,3.79,True,False
P00232,Organic EverydayFresh Dinner rolls (each),Bakery,EverydayFresh,each,2.52,True,True
P00233,Farmhouse Cinnamon rolls (each),Bakery,Farmhouse,each,6.76,True,False
P00234,Farmhouse Salmon fillet (per lb),Meat & Seafood,Farmhouse,per lb,6.54,True,False
P00235,Mushrooms (bag),Produce,Generic,bag,1.42,True,False
P00236,Organic NatureFresh Turkey breast (per lb),Meat & Seafood,NatureFresh,per lb,14.29,False,True
P00237,Organic GoldenFields Cream cheese (1L),Dairy,GoldenFields,1L,8.98,True,True
P00238,DailyGoods Cola (1L),Beverages,DailyGoods,1L,8.15,True,False
P00239,NatureFresh Parmesan cheese (250g),Dairy,NatureFresh,250g,2.34,True,False
P00240,Pita bread (each),Bakery,Generic,each,5.12,True,False
P00241,ValuePick Frozen pizza (1kg),Frozen,ValuePick,1kg,3.86,True,False
P00242,Organic PrimeSelect Canned tuna (bottle),Pantry,PrimeSelect,bottle,6.93,True,True
P00243,Organic Sugar (500g),Pantry,Generic,500g,5.31,True,True
P00244,DailyGoods Aluminum foil (roll),Household,DailyGoods,roll,14.65,True,False
P00245,Cookies (bag),Snacks,Generic,bag,4.67,False,False
P00246,DailyGoods Cinnamon rolls (pack of 4),Bakery,DailyGoods,pack of 4,3.05,True,False
P00247,Frozen waffles (1L tub),Frozen,Generic,1L tub,7.26,True,False
P00248,PureHarvest Tea bags (250g),Beverages,PureHarvest,250g,6.85,True,False
P00249,GreenMart Basics All-purpose cleaner (pack of 6),Household,GreenMart Basics,pack of 6,3.85,True,False
P00250,ValuePick Carrots (per lb),Produce,ValuePick,per lb,5.55,True,False
P00251,NatureFresh Baby formula (box),Baby & Health,NatureFresh,box,17.93,True,False
P00252,PrimeSelect Eggs (dozen) (500g),Dairy,PrimeSelect,500g,4.93,True,False
P00253,HomeStyle Whole milk (500g),Dairy,HomeStyle,500g,6.13,True,False
P00254,EverydayFresh Cereal (1kg),Pantry,EverydayFresh,1kg,4.77,True,False
P00255,HomeStyle Almond milk (1L),Dairy,HomeStyle,1L,3.37,False,False
P00256,Energy drink (500ml),Beverages,Generic,500ml,1.85,True,False
P00257,Pita bread (pack of 6),Bakery,Generic,pack of 6,4.48,False,False
P00258,GreenMart Basics Bagels (each),Bakery,GreenMart Basics,each,4.47,True,False
P00259,Farmhouse Popcorn (pack of 6),Snacks,Farmhouse,pack of 6,1.98,True,False
P00260,EverydayFresh Frozen waffles (pack),Frozen,EverydayFresh,pack,4.12,True,False
P00261,NatureFresh Frozen fish fillets (1kg),Frozen,NatureFresh,1kg,10.95,True,False
P00262,Organic PrimeSelect Whole wheat bread (each),Bakery,PrimeSelect,each,7.5,True,True
P00263,NatureFresh Croissants (pack of 6),Bakery,NatureFresh,pack of 6,4.26,True,False
P00264,PureHarvest Cookies (bag),Snacks,PureHarvest,bag,2.96,True,False
P00265,Organic Farmhouse Mustard (jar),Pantry,Farmhouse,jar,7.27,False,True
P00266,EverydayFresh Whole wheat bread (pack of 4),Bakery,EverydayFresh,pack of 4,2.72,True,False
P00267,ValuePick Pain relievers (box),Baby & Health,ValuePick,box,19.86,True,False
P00268,HomeStyle Frozen fries (1kg),Frozen,HomeStyle,1kg,5.57,True,False
P00269,NatureFresh Ice cream (500g),Frozen,NatureFresh,500g,7.23,True,False
P00270,Baby wipes (bottle),Baby & Health,Generic,bottle,10.01,True,False
P00271,PrimeSelect Paper towels (pack of 12),Household,PrimeSelect,pack of 12,9.29,True,False
P00272,NatureFresh Cereal (1kg),Pantry,NatureFresh,1kg,2.6,True,False
P00273,NatureFresh Hand sanitizer (pack),Baby & Health,NatureFresh,pack,20.89,True,False
P00274,PrimeSelect Ground beef (per lb),Meat & Seafood,PrimeSelect,per lb,11.53,True,False
P00275,ValuePick Cheddar cheese (dozen),Dairy,ValuePick,dozen,3.71,True,False
P00276,Organic PrimeSelect Frozen fish fillets (1kg),Frozen,PrimeSelect,1kg,3.56,True,True
P00277,Organic DailyGoods Sugar (bottle),Pantry,DailyGoods,bottle,2.01,True,True
P00278,Farmhouse Coffee (beans) (500ml),Beverages,Farmhouse,500ml,4.65,True,False
P00279,NatureFresh Soap (pack),Baby & Health,NatureFresh,pack,24.44,True,False
P00280,Coffee (beans) (500ml),Beverages,Generic,500ml,2.55,True,False
P00281,NatureFresh Apples (per lb),Produce,NatureFresh,per lb,5.13,True,False
P00282,DailyGoods Tortillas (pack of 6),Bakery,DailyGoods,pack of 6,7.61,True,False
P00283,DailyGoods Pain relievers (box),Baby & Health,DailyGoods,box,14.15,True,False
P00284,GreenMart Basics Pain relievers (bottle),Baby & Health,GreenMart Basics,bottle,11.09,False,False
P00285,Pain relievers (box),Baby & Health,Generic,box,16.83,True,False
P00286,Soap (pack),Baby & Health,Generic,pack,4.12,True,False
P00287,Hand sanitizer (pack),Baby & Health,Generic,pack,8.32,True,False
P00288,DailyGoods Chicken breast (per lb),Meat & Seafood,DailyGoods,per lb,10.85,True,False
P00289,Nuts (mixed) (box),Snacks,Generic,box,6.95,True,False
P00290,HomeStyle Crackers (pack of 6),Snacks,HomeStyle,pack of 6,5.43,True,False
P00291,DailyGoods Crackers (pack of 6),Snacks,DailyGoods,pack of 6,6.56,True,False
P00292,ValuePick Mustard (bottle),Pantry,ValuePick,bottle,12.5,True,False
P00293,ValuePick Honey (can),Pantry,ValuePick,can,9.43,True,False
P00294,Farmhouse Cookies (box),Snacks,Farmhouse,box,5.79,True,False
P00295,PureHarvest All-purpose cleaner (pack of 6),Household,PureHarvest,pack of 6,2.54,True,False
P00296,ValuePick Frozen fries (pack),Frozen,ValuePick,pack,5.21,False,False
P00297,EverydayFresh Vegetable oil (500g),Pantry,EverydayFresh,500g,10.01,True,False
P00298,ValuePick Chocolate bar (pack of 6),Snacks,ValuePick,pack of 6,1.88,True,False
P00299,GreenMart Basics Sour cream (500g),Dairy,GreenMart Basics,500g,9.71,True,False
P00300,Frozen fish fillets (1L tub),Frozen,Generic,1L tub,11.68,True,False
P00301,PrimeSelect Sour cream (500g),Dairy,PrimeSelect,500g,7.9,True,False
P00302,GreenMart Basics Baguette (pack of 6),Bakery,GreenMart Basics,pack of 6,7.97,True,False
P00303,Organic PureHarvest Brown rice (500g),Pantry,PureHarvest,500g,8.02,False,True
P00304,PrimeSelect Cereal (can),Pantry,PrimeSelect,can,7.52,True,False
P00305,ValuePick Granola bars (box),Snacks,ValuePick,box,7.56,True,False
P00306,Canned tomatoes (500g),Pantry,Generic,500g,5.37,True,False
P00307,Organic GoldenFields Ground beef (per lb),Meat & Seafood,GoldenFields,per lb,12.2,True,True
P00308,Organic DailyGoods Whole wheat bread (each),Bakery,DailyGoods,each,7.64,True,True
P00309,PureHarvest Frozen fries (1kg),Frozen,PureHarvest,1kg,8.44,True,False
P00310,GreenMart Basics Sports drink (6-pack),Beverages,GreenMart Basics,6-pack,7.1,True,False
P00311,Farmhouse Cookies (pack of 6),Snacks,Farmhouse,pack of 6,6.28,True,False
P00312,HomeStyle Beef steak (per lb),Meat & Seafood,HomeStyle,per lb,7.13,True,False
P00313,Plastic wrap (roll),Household,Generic,roll,8.98,True,False
P00314,PrimeSelect Sausages (per lb),Meat & Seafood,PrimeSelect,per lb,11.24,True,False
P00315,PrimeSelect Diapers (pack),Baby & Health,PrimeSelect,pack,22.85,True,False
P00316,Farmhouse Muffins (each),Bakery,Farmhouse,each,6.23,True,False
P00317,HomeStyle Granola bars (bag),Snacks,HomeStyle,bag,2.48,True,False
P00318,Organic Granola bars (pack of 6),Snacks,Generic,pack of 6,3.8,True,True
P00319,GreenMart Basics Onions (per lb),Produce,GreenMart Basics,per lb,3.24,True,False
P00320,Organic GreenMart Basics Oranges (each),Produce,GreenMart Basics,each,2.36,True,True
P00321,HomeStyle All-purpose cleaner (roll),Household,HomeStyle,roll,13.3,True,False
P00322,DailyGoods Popcorn (pack of 6),Snacks,DailyGoods,pack of 6,2.38,True,False
P00323,Bagels (loaf),Bakery,Generic,loaf,2.62,True,False
P00324,GoldenFields Trail mix (pack of 6),Snacks,GoldenFields,pack of 6,7.67,True,False
P00325,Canned beans (can),Pantry,Generic,can,2.79,True,False
P00326,Organic Farmhouse Spinach (bag),Produce,Farmhouse,bag,1.15,True,True
P00327,GoldenFields Spinach (per lb),Produce,GoldenFields,per lb,3.34,True,False
P00328,ValuePick Carrots (punnet),Produce,ValuePick,punnet,5.79,True,False
P00329,PureHarvest Bandages (pack),Baby & Health,PureHarvest,pack,22.27,True,False
P00330,GreenMart Basics Trash bags (pack of 12),Household,GreenMart Basics,pack of 12,9.23,True,False
P00331,PrimeSelect Pita bread (each),Bakery,PrimeSelect,each,5.22,False,False
P00332,Organic Plastic wrap (pack of 12),Household,Generic,pack of 12,7.4,True,True
P00333,ValuePick Granola bars (bag),Snacks,ValuePick,bag,3.75,True,False
P00334,Organic GoldenFields Zucchini (each),Produce,GoldenFields,each,4.11,True,True
P00335,Organic HomeStyle Bacon (per lb),Meat & Seafood,HomeStyle,per lb,16.85,True,True
P00336,GoldenFields Chicken breast (per lb),Meat & Seafood,GoldenFields,per lb,14.42,True,False
P00337,HomeStyle Turkey breast (per lb),Meat & Seafood,HomeStyle,per lb,7.91,True,False
P00338,Onions (bag),Produce,Generic,bag,1.25,True,False
P00339,GoldenFields Turkey breast (per lb),Meat & Seafood,GoldenFields,per lb,17.8,True,False
P00340,PureHarvest Aluminum foil (pack of 12),Household,PureHarvest,pack of 12,5.39,True,False
P00341,Parmesan cheese (dozen),Dairy,Generic,dozen,8.71,True,False
P00342,Dish soap (pack of 6),Household,Generic,pack of 6,3.89,False,False
P00343,NatureFresh Hand sanitizer (bottle),Baby & Health,NatureFresh,bottle,7.31,True,False
P00344,PureHarvest Shrimp (per lb),Meat & Seafood,PureHarvest,per lb,15.68,True,False
P00345,Organic Frozen fish fillets (1L tub),Frozen,Generic,1L tub,10.25,True,True
P00346,PrimeSelect Frozen vegetables (500g),Frozen,PrimeSelect,500g,3.78,False,False
P00347,NatureFresh Bananas (each),Produce,NatureFresh,each,5.97,True,False
P00348,DailyGoods Onions (each),Produce,DailyGoods,each,0.88,False,False
P00349,GreenMart Basics Frozen fish fillets (500g),Frozen,GreenMart Basics,500g,8.01,True,False
P00350,GreenMart Basics Soy sauce (2kg),Pantry,GreenMart Basics,2kg,7.27,True,False
P00351,PrimeSelect White bread loaf (loaf),Bakery,PrimeSelect,loaf,3.31,True,False
P00352,Farmhouse Cola (250g),Beverages,Farmhouse,250g,4.54,True,False
P00353,Pork chops (per lb),Meat & Seafood,Generic,per lb,18.87,True,False
P00354,PrimeSelect Sponges (roll),Household,PrimeSelect,roll,8.18,True,False
P00355,Mozzarella cheese (dozen),Dairy,Generic,dozen,8.27,True,False
P00356,ValuePick Cream cheese (1L),Dairy,ValuePick,1L,3.68,True,False
P00357,Farmhouse Frozen fries (500g),Frozen,Farmhouse,500g,9.31,True,False
P00358,GreenMart Basics Potatoes (punnet),Produce,GreenMart Basics,punnet,6.74,True,False
P00359,NatureFresh Laundry detergent (pack of 12),Household,NatureFresh,pack of 12,9.32,True,False
P00360,Crackers (box),Snacks,Generic,box,7.04,True,False
P00361,GreenMart Basics Cream cheese (250g),Dairy,GreenMart Basics,250g,2.77,True,False
P00362,GoldenFields Soap (box),Baby & Health,GoldenFields,box,24.31,True,False
P00363,DailyGoods Frozen fish fillets (1L tub),Frozen,DailyGoods,1L tub,8.19,True,False
P00364,Hand sanitizer (pack),Baby & Health,Generic,pack,16.6,True,False
P00365,GoldenFields Greek yogurt (500g),Dairy,GoldenFields,500g,7.68,True,False
P00366,Farmhouse Lemonade (1L),Beverages,Farmhouse,1L,1.34,True,False
P00367,Farmhouse Olive oil (1kg),Pantry,Farmhouse,1kg,3.65,True,False
P00368,Organic Farmhouse Laundry detergent (bottle),Household,Farmhouse,bottle,6.59,True,True
P00369,PureHarvest Iced tea (1L),Beverages,PureHarvest,1L,4.89,True,False
P00370,PrimeSelect Chocolate bar (pack of 6),Snacks,PrimeSelect,pack of 6,2.76,True,False
P00371,NatureFresh Jam (bottle),Pantry,NatureFresh,bottle,2.22,True,False
P00372,PureHarvest Ice cream (1kg),Frozen,PureHarvest,1kg,11.52,True,False
P00373,Organic Farmhouse Vitamins (bottle),Baby & Health,Farmhouse,bottle,5.97,True,True
P00374,HomeStyle Hand sanitizer (bottle),Baby & Health,HomeStyle,bottle,10.35,True,False
P00375,DailyGoods Baby wipes (bottle),Baby & Health,DailyGoods,bottle,16.26,True,False
P00376,PureHarvest Baguette (pack of 4),Bakery,PureHarvest,pack of 4,6.53,False,False
P00377,PureHarvest Bacon (per lb),Meat & Seafood,PureHarvest,per lb,16.42,True,False
P00378,PrimeSelect Vitamins (box),Baby & Health,PrimeSelect,box,6.95,True,False
P00379,Frozen berries (pack),Frozen,Generic,pack,5.97,True,False
P00380,Aluminum foil (pack of 6),Household,Generic,pack of 6,5.93,True,False
P00381,HomeStyle Sponges (bottle),Household,HomeStyle,bottle,14.87,True,False
P00382,GreenMart Basics Trail mix (pack of 6),Snacks,GreenMart Basics,pack of 6,7.42,True,False
P00383,Farmhouse Nuts (mixed) (pack of 6),Snacks,Farmhouse,pack of 6,2.31,True,False
P00384,EverydayFresh Pita bread (loaf),Bakery,EverydayFresh,loaf,7.9,True,False
P00385,GreenMart Basics Iced tea (1L),Beverages,GreenMart Basics,1L,2.15,True,False
P00386,EverydayFresh Nuts (mixed) (pack of 6),Snacks,EverydayFresh,pack of 6,3.15,True,False
P00387,DailyGoods Shampoo (pack),Baby & Health,DailyGoods,pack,24.94,True,False
P00388,DailyGoods Skim milk (500g),Dairy,DailyGoods,500g,4.49,True,False
P00389,Farmhouse Frozen chicken nuggets (pack),Frozen,Farmhouse,pack,7.21,True,False
P00390,Farmhouse Brown rice (can),Pantry,Farmhouse,can,1.75,True,False
P00391,PrimeSelect Bagels (pack of 6),Bakery,PrimeSelect,pack of 6,3.37,False,False
P00392,NatureFresh Salmon fillet (per lb),Meat & Seafood,NatureFresh,per lb,13.96,True,False
P00393,Organic EverydayFresh Vitamins (bottle),Baby & Health,EverydayFresh,bottle,12.44,True,True
P00394,Farmhouse Pasta (jar),Pantry,Farmhouse,jar,10.68,True,False
P00395,PureHarvest Shrimp (per lb),Meat & Seafood,PureHarvest,per lb,14.38,False,False
P00396,Organic EverydayFresh Tea bags (250g),Beverages,EverydayFresh,250g,4.71,True,True
P00397,EverydayFresh Frozen vegetables (1kg),Frozen,EverydayFresh,1kg,8.51,True,False
P00398,Organic NatureFresh Pork chops (per lb),Meat & Seafood,NatureFresh,per lb,10.22,True,True
P00399,GoldenFields Baby wipes (box),Baby & Health,GoldenFields,box,12.3,True,False
P00400,HomeStyle Cinnamon rolls (pack of 6),Bakery,HomeStyle,pack of 6,4.08,True,False
P00401,GreenMart Basics Baby formula (bottle),Baby & Health,GreenMart Basics,bottle,13.65,True,False
P00402,HomeStyle Pretzels (pack of 6),Snacks,HomeStyle,pack of 6,4.56,True,False
P00403,Farmhouse Frozen fish fillets (1L tub),Frozen,Farmhouse,1L tub,8.3,True,False
P00404,PrimeSelect Broccoli (bag),Produce,PrimeSelect,bag,2.37,True,False
P00405,PureHarvest Ice cream (500g),Frozen,PureHarvest,500g,10.08,True,False
P00406,GoldenFields Strawberries (bag),Produce,GoldenFields,bag,1.16,True,False
P00407,PureHarvest Brown rice (bottle),Pantry,PureHarvest,bottle,5.5,True,False
P00408,ValuePick Parmesan cheese (500g),Dairy,ValuePick,500g,8.48,True,False
P00409,EverydayFresh Hand sanitizer (pack),Baby & Health,EverydayFresh,pack,6.05,True,False
P00410,PrimeSelect Sweet potatoes (punnet),Produce,PrimeSelect,punnet,2.32,True,False
P00411,PureHarvest Honey (jar),Pantry,PureHarvest,jar,12.44,True,False
P00412,GreenMart Basics Almond milk (dozen),Dairy,GreenMart Basics,dozen,9.93,True,False
P00413,Bagels (pack of 6),Bakery,Generic,pack of 6,4.26,True,False
P00414,EverydayFresh Aluminum foil (pack of 6),Household,EverydayFresh,pack of 6,10.21,True,False
P00415,GoldenFields Sour cream (1L),Dairy,GoldenFields,1L,6.11,False,False
P00416,DailyGoods Coffee (ground) (250g),Beverages,DailyGoods,250g,6.35,True,False
P00417,Cottage cheese (dozen),Dairy,Generic,dozen,7.3,True,False
P00418,GoldenFields Trail mix (bag),Snacks,GoldenFields,bag,7.68,True,False
P00419,EverydayFresh Flour (jar),Pantry,EverydayFresh,jar,2.99,True,False
P00420,Apples (per lb),Produce,Generic,per lb,5.59,True,False
P00421,GreenMart Basics Dinner rolls (each),Bakery,GreenMart Basics,each,7.95,False,False
P00422,NatureFresh Pita bread (pack of 4),Bakery,NatureFresh,pack of 4,7.3,True,False
P00423,DailyGoods Cola (1L),Beverages,DailyGoods,1L,7.07,True,False
P00424,Organic Peanut butter (bottle),Pantry,Generic,bottle,2.54,True,True
P00425,Organic PrimeSelect Almond milk (500g),Dairy,PrimeSelect,500g,7.43,True,True
P00426,HomeStyle Cheddar cheese (500g),Dairy,HomeStyle,500g,2.56,True,False
P00427,Organic DailyGoods Skim milk (250g),Dairy,DailyGoods,250g,9.04,True,True
P00428,Organic Farmhouse Pita bread (pack of 6),Bakery,Farmhouse,pack of 6,5.41,True,True
P00429,Frozen chicken nuggets (1L tub),Frozen,Generic,1L tub,9.85,True,False
P00430,Organic Farmhouse Frozen berries (500g),Frozen,Farmhouse,500g,4.68,True,True
P00431,Iced tea (500ml),Beverages,Generic,500ml,2.51,True,False
P00432,Nuts (mixed) (pack of 6),Snacks,Generic,pack of 6,6.05,True,False
P00433,EverydayFresh Canned beans (jar),Pantry,EverydayFresh,jar,7.35,True,False
P00434,GoldenFields Spinach (each),Produce,GoldenFields,each,1.22,True,False
P00435,DailyGoods Potato chips (box),Snacks,DailyGoods,box,2.48,True,False
P00436,Coffee (beans) (6-pack),Beverages,Generic,6-pack,5.39,True,False
P00437,PureHarvest Diapers (pack),Baby & Health,PureHarvest,pack,7.74,False,False
P00438,Plastic wrap (pack of 12),Household,Generic,pack of 12,11.25,True,False
P00439,Organic PureHarvest Laundry detergent (pack of 6),Household,PureHarvest,pack of 6,3.08,False,True
P00440,GoldenFields Cinnamon rolls (pack of 4),Bakery,GoldenFields,pack of 4,5.72,True,False
P00441,Greek yogurt (dozen),Dairy,Generic,dozen,9.62,True,False
P00442,EverydayFresh Laundry detergent (roll),Household,EverydayFresh,roll,9.9,True,False
P00443,Organic White bread loaf (loaf),Bakery,Generic,loaf,3.24,True,True
P00444,NatureFresh Coffee (beans) (500ml),Beverages,NatureFresh,500ml,4.53,True,False
P00445,DailyGoods Parmesan cheese (1L),Dairy,DailyGoods,1L,8.45,True,False
P00446,Organic HomeStyle Diapers (bottle),Baby & Health,HomeStyle,bottle,14.23,True,True
P00447,PureHarvest Muffins (pack of 6),Bakery,PureHarvest,pack of 6,6.74,True,False
P00448,Organic GreenMart Basics Oat milk (1L),Dairy,GreenMart Basics,1L,8.86,True,True
P00449,NatureFresh Iced tea (6-pack),Beverages,NatureFresh,6-pack,9.39,True,False
P00450,ValuePick Toilet paper (pack of 12),Household,ValuePick,pack of 12,7.4,True,False
P00451,Farmhouse Eggs (dozen) (250g),Dairy,Farmhouse,250g,6.01,True,False
P00452,Farmhouse Potato chips (box),Snacks,Farmhouse,box,8.07,True,False
P00453,PrimeSelect Flour (500g),Pantry,PrimeSelect,500g,6.74,True,False
P00454,HomeStyle Mustard (1kg),Pantry,HomeStyle,1kg,5.73,False,False
P00455,NatureFresh Tuna steak (per lb),Meat & Seafood,NatureFresh,per lb,5.08,True,False
P00456,DailyGoods Energy drink (1L),Beverages,DailyGoods,1L,1.3,True,False
P00457,PrimeSelect Olive oil (1kg),Pantry,PrimeSelect,1kg,12.8,False,False
P00458,GreenMart Basics Croissants (loaf),Bakery,GreenMart Basics,loaf,7.56,True,False
P00459,Organic EverydayFresh Coffee (ground) (1L),Beverages,EverydayFresh,1L,2.12,True,True
P00460,Organic GoldenFields Eggs (dozen) (1L),Dairy,GoldenFields,1L,7.29,True,True
P00461,DailyGoods Iced tea (500ml),Beverages,DailyGoods,500ml,5.23,False,False
P00462,NatureFresh Tortillas (loaf),Bakery,NatureFresh,loaf,3.07,True,False
P00463,Cream cheese (250g),Dairy,Generic,250g,3.65,True,False
P00464,Skim milk (500g),Dairy,Generic,500g,7.48,True,False
P00465,NatureFresh Onions (punnet),Produce,NatureFresh,punnet,1.08,True,False
P00466,PureHarvest Potato chips (pack of 6),Snacks,PureHarvest,pack of 6,3.44,True,False
P00467,Farmhouse Aluminum foil (pack of 6),Household,Farmhouse,pack of 6,8.0,True,False
P00468,NatureFresh Apples (bag),Produce,NatureFresh,bag,1.78,True,False
P00469,Organic Farmhouse Eggs (dozen) (250g),Dairy,Farmhouse,250g,2.16,True,True
P00470,Organic Frozen vegetables (500g),Frozen,Generic,500g,6.31,True,True
P00471,Organic Tortillas (each),Bakery,Generic,each,4.66,True,True
P00472,NatureFresh Muffins (pack of 6),Bakery,NatureFresh,pack of 6,4.0,True,False
P00473,ValuePick Soap (box),Baby & Health,ValuePick,box,17.23,True,False
P00474,PureHarvest Frozen pizza (500g),Frozen,PureHarvest,500g,6.75,True,False
P00475,Organic Chocolate bar (pack of 6),Snacks,Generic,pack of 6,5.57,True,True
P00476,DailyGoods Coffee (ground) (250g),Beverages,DailyGoods,250g,9.23,True,False
P00477,EverydayFresh Sourdough bread (pack of 4),Bakery,EverydayFresh,pack of 4,3.69,True,False
P00478,Blueberries (punnet),Produce,Generic,punnet,4.29,True,False
P00479,PureHarvest Sausages (per lb),Meat & Seafood,PureHarvest,per lb,12.46,True,False
P00480,DailyGoods Turkey breast (per lb),Meat & Seafood,DailyGoods,per lb,18.08,True,False
P00481,Turkey breast (per lb),Meat & Seafood,Generic,per lb,15.32,True,False
P00482,EverydayFresh Tea bags (6-pack),Beverages,EverydayFresh,6-pack,9.54,True,False
P00483,Organic HomeStyle Frozen fries (1L tub),Frozen,HomeStyle,1L tub,3.81,True,True
P00484,GreenMart Basics Mushrooms (each),Produce,GreenMart Basics,each,2.65,True,False
P00485,Sports drink (6-pack),Beverages,Generic,6-pack,8.64,True,False
P00486,PrimeSelect Baby wipes (pack),Baby & Health,PrimeSelect,pack,21.92,True,False
P00487,Organic DailyGoods Air freshener (bottle),Household,DailyGoods,bottle,5.91,True,True
P00488,NatureFresh Aluminum foil (pack of 12),Household,NatureFresh,pack of 12,11.18,True,False
P00489,Organic Bandages (pack),Baby & Health,Generic,pack,15.95,True,True
P00490,Vegetable oil (1kg),Pantry,Generic,1kg,1.51,True,False
P00491,EverydayFresh Baby formula (pack),Baby & Health,EverydayFresh,pack,9.99,True,False
P00492,Organic NatureFresh Diapers (bottle),Baby & Health,NatureFresh,bottle,10.28,True,True
P00493,Sparkling water (1L),Beverages,Generic,1L,7.12,True,False
P00494,ValuePick Broccoli (bag),Produce,ValuePick,bag,5.0,True,False
P00495,HomeStyle Apples (each),Produce,HomeStyle,each,5.25,True,False
P00496,PrimeSelect Frozen waffles (1kg),Frozen,PrimeSelect,1kg,6.68,True,False
P00497,HomeStyle Vitamins (pack),Baby & Health,HomeStyle,pack,4.61,True,False
P00498,Farmhouse Cola (1L),Beverages,Farmhouse,1L,4.26,True,False
P00499,DailyGoods Cream cheese (1L),Dairy,DailyGoods,1L,6.74,True,False
